1, Масло, 1, ГРМ, 1, Фильтр, 1, Вал, 1, Втулка, 1, Свеча, 1
1, Фильтр, 1, Вал, 1, ШРУС, 1, Ось, 1
1, ГРМ, 1, Фильтр, 1, Вал, 1, ШРУС, 1, Ось, 1, Свеча, 1
1, ГРМ, 1
1, ГРМ, 1, Вал, 1, Втулка, 1, Свеча, 1
1, Вал, 1, Втулка, 1, ШРУС, 1, Ось, 1
1, ГРМ, 1, ШРУС, 1, Свеча, 1
1, Масло, 1, ГРМ, 1, Фильтр, 1, Втулка, 1, Ось, 1
1, Масло, 1, ГРМ, 1, Фильтр, 1
1, Фильтр, 1, Вал, 1, Ось, 1, Свеча, 1
1, ГРМ, 1, Фильтр, 1, Втулка, 1, Ось, 1, Свеча, 1
1, Фильтр, 1, Втулка, 1, Свеча, 1
1, Масло, 1, ШРУС, 1, Свеча, 1
1, Фильтр, 1, Вал, 1, Втулка, 1, Ось, 1, Свеча, 1
1, Вал, 1, Ось, 1, Свеча, 1
1, Масло, 1, ГРМ, 1, Фильтр, 1, Вал, 1, Втулка, 1, Свеча, 1
1, Масло, 1, ГРМ, 1, Фильтр, 1, Втулка, 1, Ось, 1, Свеча, 1
1, Масло, 1, Вал, 1, Втулка, 1, ШРУС, 1, Ось, 1, Свеча, 1
1, Масло, 1, Фильтр, 1, Вал, 1
1, Масло, 1, ГРМ, 1, Фильтр, 1, ШРУС, 1, Свеча, 1
1, Фильтр, 1, Ось, 1
1, Масло, 1, ГРМ, 1, Фильтр, 1, Втулка, 1, ШРУС, 1, Ось, 1, Свеча, 1
1, Масло, 1, Фильтр, 1, Вал, 1, Свеча, 1
1, ГРМ, 1, ШРУС, 1
